roi_index,mean_fluorescence
1,0.2523025643965822
2,0.15600033268798583
3,0.15031621315690538
